Timestamp,Quality,Type,ID,Alarm State,Resource,Reference,Message
 06/30/21  08:16:29.691,,BSYS,0085-2,,SCS0118,SCS0118,SCS0118  IOM Communication Error FIO NODE 03 SLOT 08 RIGHT
 06/30/21  08:16:29.691,,BSYS,0085-2,,SCS0118,SCS0118,SCS0118  IOM Communication Error FIO NODE 03 SLOT 07 RIGHT
 06/30/21  08:16:29.691,,BSYS,0085-2,,SCS0118,SCS0118,SCS0118  IOM Communication Error FIO NODE 03 SLOT 05 RIGHT
 06/30/21  08:16:29.691,,BSYS,0085-2,,SCS0118,SCS0118,SCS0118  IOM Communication Error FIO NODE 03 SLOT 04 RIGHT
 06/30/21  08:16:29.691,,BSYS,0085-2,,SCS0118,SCS0118,SCS0118  IOM Communication Error FIO NODE 03 SLOT 03 RIGHT
 06/30/21  08:16:29.691,,BSYS,0085-2,,SCS0118,SCS0118,SCS0118  IOM Communication Error FIO NODE 03 SLOT 02 RIGHT
 06/30/21  08:16:29.691,,BSYS,0085-2,,SCS0118,SCS0118,SCS0118  IOM Communication Error FIO NODE 03 SLOT 01 RIGHT
 06/30/21  08:16:29.691,,BSYS,0085-2,,SCS0118,SCS0118,SCS0118  IOM Communication Error FIO NODE 02 SLOT 05 RIGHT
 06/30/21  08:16:29.691,,BSYS,0085-2,,SCS0118,SCS0118,SCS0118  IOM Communication Error FIO NODE 02 SLOT 04 RIGHT
 06/30/21  08:16:29.691,,BSYS,0085-2,,SCS0118,SCS0118,SCS0118  IOM Communication Error FIO NODE 02 SLOT 03 RIGHT
 06/30/21  08:16:29.691,,BSYS,0085-2,,SCS0118,SCS0118,SCS0118  IOM Communication Error FIO NODE 02 SLOT 02 RIGHT
 06/30/21  08:16:29.691,,BSYS,0085-2,,SCS0118,SCS0118,SCS0118  IOM Communication Error FIO NODE 02 SLOT 01 RIGHT
 06/29/21  22:21:57.691,,BSYS,0086-3,,SCS0118,SCS0118,SCS0118  IOM Communication Recover FIO NODE 03 SLOT 08 RIGHT
 06/29/21  22:21:57.691,,BSYS,0086-3,,SCS0118,SCS0118,SCS0118  IOM Communication Recover FIO NODE 03 SLOT 07 RIGHT
 06/29/21  22:21:57.691,,BSYS,0086-3,,SCS0118,SCS0118,SCS0118  IOM Communication Recover FIO NODE 03 SLOT 05 RIGHT
 06/29/21  22:21:57.691,,BSYS,0086-3,,SCS0118,SCS0118,SCS0118  IOM Communication Recover FIO NODE 03 SLOT 04 RIGHT
 06/29/21  22:21:57.691,,BSYS,0086-3,,SCS0118,SCS0118,SCS0118  IOM Communication Recover FIO NODE 03 SLOT 03 RIGHT
 06/29/21  22:21:57.691,,BSYS,0086-3,,SCS0118,SCS0118,SCS0118  IOM Communication Recover FIO NODE 03 SLOT 02 RIGHT
 06/29/21  22:21:57.691,,BSYS,0086-3,,SCS0118,SCS0118,SCS0118  IOM Communication Recover FIO NODE 03 SLOT 01 RIGHT
 06/29/21  22:21:57.691,,BSYS,0086-3,,SCS0118,SCS0118,SCS0118  IOM Communication Recover FIO NODE 02 SLOT 05 RIGHT
 06/29/21  22:21:57.691,,BSYS,0086-3,,SCS0118,SCS0118,SCS0118  IOM Communication Recover FIO NODE 02 SLOT 04 RIGHT
 06/29/21  22:21:57.691,,BSYS,0086-3,,SCS0118,SCS0118,SCS0118  IOM Communication Recover FIO NODE 02 SLOT 03 RIGHT
 06/29/21  22:21:57.691,,BSYS,0086-3,,SCS0118,SCS0118,SCS0118  IOM Communication Recover FIO NODE 02 SLOT 02 RIGHT
 06/29/21  22:21:57.691,,BSYS,0086-3,,SCS0118,SCS0118,SCS0118  IOM Communication Recover FIO NODE 02 SLOT 01 RIGHT
 06/29/21  19:00:10.205,,SOER,EVT_TRUE,,SCS0118,485XY657 HVAC SD TO HVACCP-265,TRUE
 06/29/21  19:00:10.205,,SOER,EVT_TRUE,,SCS0118,485XY656 HVAC SD TO HVACCP-266,TRUE
 06/29/21  19:00:10.205,,SOER,EVT_TRUE,,SCS0118,485XY652 HVACCP-265 RECYL,TRUE
 06/29/21  19:00:10.205,,SOER,EVT_TRUE,,SCS0118,485XY651 HVACCP-266 RECYL,TRUE
 06/29/21  19:00:10.205,,SOER,EVT_TRUE,,SCS0118,485XY1077 SWGR RM RLF DMPR,TRUE
 06/29/21  19:00:10.205,,SOER,EVT_TRUE,,SCS0118,485XY1076 AIR LOCK RLF DMPR,TRUE
 06/29/21  19:00:10.205,,SOER,EVT_TRUE,,SCS0118,485XY1075 SWGR RM DMPR CLS,TRUE
 06/29/21  19:00:10.205,,SOER,EVT_TRUE,,SCS0118,485XY1074 SWGR RM DMPR CLS,TRUE
 06/29/21  19:00:10.205,,SOER,EVT_TRUE,,SCS0118,485XY1055 CFU DMPR CLS,TRUE
 06/29/21  19:00:10.205,,SOER,EVT_TRUE,,SCS0118,485XY1052 BAT RM DMPR CLS,TRUE
 06/29/21  19:00:10.205,,SOER,EVT_TRUE,,SCS0118,485XY1049 TER RM DMPR CLS,TRUE
 06/29/21  19:00:10.205,,SOER,EVT_TRUE,,SCS0118,485XY1048 AIR LOCK DMPR CLS,TRUE
 06/29/21  19:00:10.205,,SOER,EVT_TRUE,,SCS0118,485XY1047 BAT RM DMPR CLS,TRUE
 06/29/21  19:00:10.205,,SOER,EVT_TRUE,,SCS0118,485XY1046 BAT RM DMPR CLS,TRUE
 06/29/21  19:00:10.205,,SOER,EVT_TRUE,,SCS0118,485XY1088 485-DOMSD-1088 TRIP,TRUE
 06/29/21  19:00:10.205,,SOER,EVT_TRUE,,SCS0118,485XY1079 PRU OUTDOOR GAS DMPR,TRUE
 06/29/21  19:00:09.957,,BSYS,4181-4,,SCS0118,SCS0118,SCS0118  Output Enabled
 06/29/21  18:59:31.941,,BSYS,0082-3,,SCS0118,SCS0118,SCS0118  IOM Recover FIO NODE 03 SLOT 05
 06/29/21  18:59:31.941,,BSYS,0082-3,,SCS0118,SCS0118,SCS0118  IOM Recover FIO NODE 03 SLOT 04
 06/29/21  18:59:31.941,,BSYS,0082-3,,SCS0118,SCS0118,SCS0118  IOM Recover FIO NODE 03 SLOT 03
 06/29/21  18:59:31.941,,BSYS,0459-4,,SCS0118,SCS0118,SCS0118  IOM In  Service FIO NODE 03 SLOT 03
 06/29/21  18:59:31.941,,BSYS,0082-3,,SCS0118,SCS0118,SCS0118  IOM Recover FIO NODE 03 SLOT 02
 06/29/21  18:59:31.941,,BSYS,0082-3,,SCS0118,SCS0118,SCS0118  IOM Recover FIO NODE 03 SLOT 01
 06/29/21  18:59:31.691,,BSYS,0082-3,,SCS0118,SCS0118,SCS0118  IOM Recover FIO NODE 03 SLOT 08
 06/29/21  18:59:31.691,,BSYS,0082-3,,SCS0118,SCS0118,SCS0118  IOM Recover FIO NODE 03 SLOT 07
 06/29/21  18:59:31.191,,BSYS,0082-3,,SCS0118,SCS0118,SCS0118  IOM Recover FIO NODE 02 SLOT 05
 06/29/21  18:59:31.191,,BSYS,0082-3,,SCS0118,SCS0118,SCS0118  IOM Recover FIO NODE 02 SLOT 04
 06/29/21  18:59:31.191,,BSYS,0082-3,,SCS0118,SCS0118,SCS0118  IOM Recover FIO NODE 02 SLOT 03
 06/29/21  18:59:31.191,,BSYS,0082-3,,SCS0118,SCS0118,SCS0118  IOM Recover FIO NODE 02 SLOT 02
 06/29/21  18:59:31.191,,BSYS,0082-3,,SCS0118,SCS0118,SCS0118  IOM Recover FIO NODE 02 SLOT 01
 06/29/21  17:32:18.641,,BSYS,0477-2,,SCS0118,SCS0118,SCS0118  IOM Download Error FIO NODE 03 SLOT 04 Error= 3BFF
 06/29/21  17:32:18.534,,BSYS,0475-4,,SCS0118,SCS0118,SCS0118  IOM Download Start FIO NODE 03 SLOT 04
 06/29/21  17:32:09.291,,BSYS,0477-2,,SCS0118,SCS0118,SCS0118  IOM Download Error FIO NODE 03 SLOT 03 Error= 3BFF
 06/29/21  17:32:09.216,,BSYS,0475-4,,SCS0118,SCS0118,SCS0118  IOM Download Start FIO NODE 03 SLOT 03
 06/29/21  17:31:58.641,,BSYS,0477-2,,SCS0118,SCS0118,SCS0118  IOM Download Error FIO NODE 03 SLOT 02 Error= 3BFF
 06/29/21  17:31:58.545,,BSYS,0475-4,,SCS0118,SCS0118,SCS0118  IOM Download Start FIO NODE 03 SLOT 02
 06/29/21  17:31:46.891,,BSYS,0477-2,,SCS0118,SCS0118,SCS0118  IOM Download Error FIO NODE 03 SLOT 01 Error= 3BFF
 06/29/21  17:31:46.784,,BSYS,0475-4,,SCS0118,SCS0118,SCS0118  IOM Download Start FIO NODE 03 SLOT 01
 06/29/21  17:31:21.791,,BSYS,0477-2,,SCS0118,SCS0118,SCS0118  IOM Download Error FIO NODE 02 SLOT 05 Error= 3BFF
 06/29/21  17:31:21.738,,BSYS,0475-4,,SCS0118,SCS0118,SCS0118  IOM Download Start FIO NODE 02 SLOT 05
 06/29/21  17:31:12.541,,BSYS,0477-2,,SCS0118,SCS0118,SCS0118  IOM Download Error FIO NODE 02 SLOT 04 Error= 3BFF
 06/29/21  17:31:12.432,,BSYS,0475-4,,SCS0118,SCS0118,SCS0118  IOM Download Start FIO NODE 02 SLOT 04
 06/29/21  17:31:00.541,,BSYS,0477-2,,SCS0118,SCS0118,SCS0118  IOM Download Error FIO NODE 02 SLOT 03 Error= 3BFF
 06/29/21  17:31:00.467,,BSYS,0475-4,,SCS0118,SCS0118,SCS0118  IOM Download Start FIO NODE 02 SLOT 03
 06/29/21  17:30:48.991,,BSYS,0477-2,,SCS0118,SCS0118,SCS0118  IOM Download Error FIO NODE 02 SLOT 02 Error= 3BFF
 06/29/21  17:30:48.970,,BSYS,0475-4,,SCS0118,SCS0118,SCS0118  IOM Download Start FIO NODE 02 SLOT 02
 06/29/21  17:29:13.841,,BSYS,0477-2,,SCS0118,SCS0118,SCS0118  IOM Download Error FIO NODE 03 SLOT 01 Error= 3BFF
 06/29/21  17:29:13.739,,BSYS,0475-4,,SCS0118,SCS0118,SCS0118  IOM Download Start FIO NODE 03 SLOT 01
 06/29/21  17:28:49.091,,BSYS,0477-2,,SCS0118,SCS0118,SCS0118  IOM Download Error FIO NODE 02 SLOT 01 Error= 3BFF
 06/29/21  17:28:48.996,,BSYS,0475-4,,SCS0118,SCS0118,SCS0118  IOM Download Start FIO NODE 02 SLOT 01
 06/29/21  17:06:09.441,,BSYS,0064-3,,SCS0118,SCS0118,SCS0118  FIO-BUS Recover FIO BUS No.2
 06/29/21  17:06:09.441,,BSYS,0066-3,,SCS0118,SCS0118,SCS0118  SBS Recover FIO NODE 03 SBS RIGHT
 06/29/21  17:06:09.441,,BSYS,0066-3,,SCS0118,SCS0118,SCS0118  SBS Recover FIO NODE 02 SBS RIGHT
 06/29/21  17:06:05.941,,BSYS,0088-3,,SCS0118,SCS0118,SCS0118  NODE Recover FIO NODE 02
 06/29/21  17:06:05.441,,BSYS,0087-1,,SCS0118,SCS0118,SCS0118  NODE Fail    FIO NODE 02
 06/29/21  17:06:01.441,,BSYS,0088-3,,SCS0118,SCS0118,SCS0118  NODE Recover FIO NODE 02
 06/29/21  17:06:00.941,,BSYS,0087-1,,SCS0118,SCS0118,SCS0118  NODE Fail    FIO NODE 02
 06/29/21  17:05:51.191,,BSYS,0088-3,,SCS0118,SCS0118,SCS0118  NODE Recover FIO NODE 02
 06/29/21  17:05:50.941,,BSYS,0087-1,,SCS0118,SCS0118,SCS0118  NODE Fail    FIO NODE 02
 06/29/21  17:05:50.441,,BSYS,0088-3,,SCS0118,SCS0118,SCS0118  NODE Recover FIO NODE 02
 06/29/21  17:05:49.941,,BSYS,0087-1,,SCS0118,SCS0118,SCS0118  NODE Fail    FIO NODE 02
 06/29/21  17:05:47.941,,BSYS,0088-3,,SCS0118,SCS0118,SCS0118  NODE Recover FIO NODE 02
 06/29/21  17:05:47.191,,BSYS,0087-1,,SCS0118,SCS0118,SCS0118  NODE Fail    FIO NODE 02
 06/29/21  17:05:42.441,,BSYS,0088-3,,SCS0118,SCS0118,SCS0118  NODE Recover FIO NODE 03
 06/29/21  17:05:41.941,,BSYS,0064-3,,SCS0118,SCS0118,SCS0118  FIO-BUS Recover FIO BUS No.1
 06/29/21  17:05:41.941,,BSYS,0088-3,,SCS0118,SCS0118,SCS0118  NODE Recover FIO NODE 02
 06/29/21  17:05:41.691,,BSYS,0063-1,,SCS0118,SCS0118,SCS0118  FIO-BUS Fail    FIO BUS No.1
 06/29/21  17:05:41.691,,BSYS,0087-1,,SCS0118,SCS0118,SCS0118  NODE Fail    FIO NODE 03
 06/29/21  17:05:41.691,,BSYS,0087-1,,SCS0118,SCS0118,SCS0118  NODE Fail    FIO NODE 02
 06/29/21  17:05:40.941,,BSYS,0088-3,,SCS0118,SCS0118,SCS0118  NODE Recover FIO NODE 03
 06/29/21  17:05:40.191,,BSYS,0087-1,,SCS0118,SCS0118,SCS0118  NODE Fail    FIO NODE 03
 06/29/21  17:05:34.941,,BSYS,0088-3,,SCS0118,SCS0118,SCS0118  NODE Recover FIO NODE 02
 06/29/21  17:05:34.441,,BSYS,0087-1,,SCS0118,SCS0118,SCS0118  NODE Fail    FIO NODE 02
 06/29/21  17:05:29.941,,BSYS,0064-3,,SCS0118,SCS0118,SCS0118  FIO-BUS Recover FIO BUS No.1
 06/29/21  17:05:29.941,,BSYS,0088-3,,SCS0118,SCS0118,SCS0118  NODE Recover FIO NODE 03
 06/29/21  17:05:29.941,,BSYS,0088-3,,SCS0118,SCS0118,SCS0118  NODE Recover FIO NODE 02
 06/29/21  17:05:29.691,,BSYS,0063-1,,SCS0118,SCS0118,SCS0118  FIO-BUS Fail    FIO BUS No.1
 06/29/21  17:05:29.691,,BSYS,0087-1,,SCS0118,SCS0118,SCS0118  NODE Fail    FIO NODE 02
 06/29/21  17:05:28.941,,BSYS,0087-1,,SCS0118,SCS0118,SCS0118  NODE Fail    FIO NODE 03
 06/29/21  17:05:27.441,,BSYS,0088-3,,SCS0118,SCS0118,SCS0118  NODE Recover FIO NODE 03
 06/29/21  17:05:26.691,,BSYS,0087-1,,SCS0118,SCS0118,SCS0118  NODE Fail    FIO NODE 03
 06/29/21  17:05:20.441,,BSYS,0088-3,,SCS0118,SCS0118,SCS0118  NODE Recover FIO NODE 03
 06/29/21  17:05:19.441,,BSYS,0087-1,,SCS0118,SCS0118,SCS0118  NODE Fail    FIO NODE 03
 06/29/21  17:05:18.941,,BSYS,0088-3,,SCS0118,SCS0118,SCS0118  NODE Recover FIO NODE 02
 06/29/21  17:05:18.691,,BSYS,0087-1,,SCS0118,SCS0118,SCS0118  NODE Fail    FIO NODE 02
 06/29/21  17:05:17.941,,BSYS,0088-3,,SCS0118,SCS0118,SCS0118  NODE Recover FIO NODE 02
 06/29/21  17:05:16.941,,BSYS,0087-1,,SCS0118,SCS0118,SCS0118  NODE Fail    FIO NODE 02
 06/29/21  17:05:13.941,,BSYS,0088-3,,SCS0118,SCS0118,SCS0118  NODE Recover FIO NODE 02
 06/29/21  17:05:13.191,,BSYS,0087-1,,SCS0118,SCS0118,SCS0118  NODE Fail    FIO NODE 02
 06/29/21  17:05:03.941,,BSYS,0088-3,,SCS0118,SCS0118,SCS0118  NODE Recover FIO NODE 02
 06/29/21  17:05:03.691,,BSYS,0087-1,,SCS0118,SCS0118,SCS0118  NODE Fail    FIO NODE 02
 06/29/21  17:05:01.191,,BSYS,0088-3,,SCS0118,SCS0118,SCS0118  NODE Recover FIO NODE 02
 06/29/21  17:05:00.941,,BSYS,0087-1,,SCS0118,SCS0118,SCS0118  NODE Fail    FIO NODE 02
 06/29/21  17:04:56.441,,BSYS,0088-3,,SCS0118,SCS0118,SCS0118  NODE Recover FIO NODE 02
 06/29/21  17:04:55.941,,BSYS,0087-1,,SCS0118,SCS0118,SCS0118  NODE Fail    FIO NODE 02
 06/29/21  17:04:35.191,,BSYS,0088-3,,SCS0118,SCS0118,SCS0118  NODE Recover FIO NODE 03
 06/29/21  17:04:34.441,,BSYS,0087-1,,SCS0118,SCS0118,SCS0118  NODE Fail    FIO NODE 03
 06/29/21  17:04:33.691,,BSYS,0088-3,,SCS0118,SCS0118,SCS0118  NODE Recover FIO NODE 03
 06/29/21  17:04:32.941,,BSYS,0087-1,,SCS0118,SCS0118,SCS0118  NODE Fail    FIO NODE 03
 06/29/21  17:04:16.941,,BSYS,0088-3,,SCS0118,SCS0118,SCS0118  NODE Recover FIO NODE 02
 06/29/21  17:04:15.941,,BSYS,0087-1,,SCS0118,SCS0118,SCS0118  NODE Fail    FIO NODE 02
 06/29/21  17:04:08.941,,BSYS,0088-3,,SCS0118,SCS0118,SCS0118  NODE Recover FIO NODE 02
 06/29/21  17:04:07.941,,BSYS,0087-1,,SCS0118,SCS0118,SCS0118  NODE Fail    FIO NODE 02
 06/29/21  17:04:05.941,,BSYS,0088-3,,SCS0118,SCS0118,SCS0118  NODE Recover FIO NODE 02
 06/29/21  17:04:05.691,,BSYS,0087-1,,SCS0118,SCS0118,SCS0118  NODE Fail    FIO NODE 02
 06/29/21  17:04:00.941,,BSYS,0088-3,,SCS0118,SCS0118,SCS0118  NODE Recover FIO NODE 02
 06/29/21  17:04:00.191,,BSYS,0087-1,,SCS0118,SCS0118,SCS0118  NODE Fail    FIO NODE 02
 06/29/21  17:03:55.941,,BSYS,0088-3,,SCS0118,SCS0118,SCS0118  NODE Recover FIO NODE 02
 06/29/21  17:03:55.441,,BSYS,0087-1,,SCS0118,SCS0118,SCS0118  NODE Fail    FIO NODE 02
 06/29/21  17:03:53.941,,BSYS,0088-3,,SCS0118,SCS0118,SCS0118  NODE Recover FIO NODE 02
 06/29/21  17:03:52.941,,BSYS,0087-1,,SCS0118,SCS0118,SCS0118  NODE Fail    FIO NODE 02
 06/29/21  17:03:48.191,,BSYS,0088-3,,SCS0118,SCS0118,SCS0118  NODE Recover FIO NODE 02
 06/29/21  17:03:47.941,,BSYS,0087-1,,SCS0118,SCS0118,SCS0118  NODE Fail    FIO NODE 02
 06/29/21  17:03:39.941,,BSYS,0088-3,,SCS0118,SCS0118,SCS0118  NODE Recover FIO NODE 02
 06/29/21  17:03:39.691,,BSYS,0087-1,,SCS0118,SCS0118,SCS0118  NODE Fail    FIO NODE 02
 06/29/21  17:03:33.191,,BSYS,0088-3,,SCS0118,SCS0118,SCS0118  NODE Recover FIO NODE 03
 06/29/21  17:03:32.941,,BSYS,0064-3,,SCS0118,SCS0118,SCS0118  FIO-BUS Recover FIO BUS No.1
 06/29/21  17:03:32.941,,BSYS,0088-3,,SCS0118,SCS0118,SCS0118  NODE Recover FIO NODE 02
 06/29/21  17:03:32.441,,BSYS,0063-1,,SCS0118,SCS0118,SCS0118  FIO-BUS Fail    FIO BUS No.1
 06/29/21  17:03:32.441,,BSYS,0087-1,,SCS0118,SCS0118,SCS0118  NODE Fail    FIO NODE 03
 06/29/21  17:03:32.441,,BSYS,0087-1,,SCS0118,SCS0118,SCS0118  NODE Fail    FIO NODE 02
 06/29/21  17:03:14.941,,BSYS,0063-2,,SCS0118,SCS0118,SCS0118  FIO-BUS Fail    FIO BUS No.2
 06/29/21  17:03:14.941,,BSYS,0065-2,,SCS0118,SCS0118,SCS0118  SBS Fail    FIO NODE 03 SBS RIGHT
 06/29/21  17:03:14.941,,BSYS,0065-2,,SCS0118,SCS0118,SCS0118  SBS Fail    FIO NODE 02 SBS RIGHT
 06/29/21  16:57:40.441,,BSYS,0066-3,,SCS0118,SCS0118,SCS0118  SBS Recover FIO NODE 02 SBS RIGHT
 06/29/21  16:56:51.441,,BSYS,0064-3,,SCS0118,SCS0118,SCS0118  FIO-BUS Recover FIO BUS No.2
 06/29/21  16:56:51.441,,BSYS,0066-3,,SCS0118,SCS0118,SCS0118  SBS Recover FIO NODE 03 SBS RIGHT
 06/29/21  16:56:48.191,,BSYS,0088-3,,SCS0118,SCS0118,SCS0118  NODE Recover FIO NODE 03
 06/29/21  16:56:47.441,,BSYS,0087-1,,SCS0118,SCS0118,SCS0118  NODE Fail    FIO NODE 03
 06/29/21  16:56:45.691,,BSYS,0088-3,,SCS0118,SCS0118,SCS0118  NODE Recover FIO NODE 02
 06/29/21  16:56:44.941,,BSYS,0087-1,,SCS0118,SCS0118,SCS0118  NODE Fail    FIO NODE 02
 06/29/21  16:56:42.941,,BSYS,0088-3,,SCS0118,SCS0118,SCS0118  NODE Recover FIO NODE 02
 06/29/21  16:56:42.691,,BSYS,0064-3,,SCS0118,SCS0118,SCS0118  FIO-BUS Recover FIO BUS No.1
 06/29/21  16:56:42.691,,BSYS,0088-3,,SCS0118,SCS0118,SCS0118  NODE Recover FIO NODE 03
 06/29/21  16:56:41.941,,BSYS,0063-1,,SCS0118,SCS0118,SCS0118  FIO-BUS Fail    FIO BUS No.1
 06/29/21  16:56:41.941,,BSYS,0087-1,,SCS0118,SCS0118,SCS0118  NODE Fail    FIO NODE 02
 06/29/21  16:56:40.941,,BSYS,0087-1,,SCS0118,SCS0118,SCS0118  NODE Fail    FIO NODE 03
 06/29/21  16:56:37.941,,BSYS,0088-3,,SCS0118,SCS0118,SCS0118  NODE Recover FIO NODE 03
 06/29/21  16:56:36.941,,BSYS,0087-1,,SCS0118,SCS0118,SCS0118  NODE Fail    FIO NODE 03
 06/29/21  16:56:35.941,,BSYS,0088-3,,SCS0118,SCS0118,SCS0118  NODE Recover FIO NODE 02
 06/29/21  16:56:35.441,,BSYS,0087-1,,SCS0118,SCS0118,SCS0118  NODE Fail    FIO NODE 02
 06/29/21  16:56:34.691,,BSYS,0088-3,,SCS0118,SCS0118,SCS0118  NODE Recover FIO NODE 02
 06/29/21  16:56:33.941,,BSYS,0087-1,,SCS0118,SCS0118,SCS0118  NODE Fail    FIO NODE 02
 06/29/21  16:56:27.941,,BSYS,0088-3,,SCS0118,SCS0118,SCS0118  NODE Recover FIO NODE 02
 06/29/21  16:56:27.441,,BSYS,0087-1,,SCS0118,SCS0118,SCS0118  NODE Fail    FIO NODE 02
 06/29/21  16:56:17.941,,BSYS,0088-3,,SCS0118,SCS0118,SCS0118  NODE Recover FIO NODE 03
 06/29/21  16:56:17.191,,BSYS,0087-1,,SCS0118,SCS0118,SCS0118  NODE Fail    FIO NODE 03
 06/29/21  16:56:14.191,,BSYS,0088-3,,SCS0118,SCS0118,SCS0118  NODE Recover FIO NODE 03
 06/29/21  16:56:13.191,,BSYS,0087-1,,SCS0118,SCS0118,SCS0118  NODE Fail    FIO NODE 03
 06/29/21  16:56:09.441,,BSYS,0088-3,,SCS0118,SCS0118,SCS0118  NODE Recover FIO NODE 03
 06/29/21  16:56:08.691,,BSYS,0087-1,,SCS0118,SCS0118,SCS0118  NODE Fail    FIO NODE 03
 06/29/21  16:56:03.941,,BSYS,0088-3,,SCS0118,SCS0118,SCS0118  NODE Recover FIO NODE 03
 06/29/21  16:56:02.191,,BSYS,0087-1,,SCS0118,SCS0118,SCS0118  NODE Fail    FIO NODE 03
 06/29/21  16:55:57.441,,BSYS,0088-3,,SCS0118,SCS0118,SCS0118  NODE Recover FIO NODE 03
 06/29/21  16:55:56.691,,BSYS,0087-1,,SCS0118,SCS0118,SCS0118  NODE Fail    FIO NODE 03
 06/29/21  16:55:56.691,,BSYS,0088-3,,SCS0118,SCS0118,SCS0118  NODE Recover FIO NODE 02
 06/29/21  16:55:55.941,,BSYS,0087-1,,SCS0118,SCS0118,SCS0118  NODE Fail    FIO NODE 02
 06/29/21  16:55:54.191,,BSYS,0088-3,,SCS0118,SCS0118,SCS0118  NODE Recover FIO NODE 02
 06/29/21  16:55:53.941,,BSYS,0087-1,,SCS0118,SCS0118,SCS0118  NODE Fail    FIO NODE 02
 06/29/21  16:55:53.441,,BSYS,0088-3,,SCS0118,SCS0118,SCS0118  NODE Recover FIO NODE 02
 06/29/21  16:55:52.941,,BSYS,0087-1,,SCS0118,SCS0118,SCS0118  NODE Fail    FIO NODE 02
 06/29/21  16:55:35.941,,BSYS,0088-3,,SCS0118,SCS0118,SCS0118  NODE Recover FIO NODE 02
 06/29/21  16:55:34.941,,BSYS,0087-1,,SCS0118,SCS0118,SCS0118  NODE Fail    FIO NODE 02
 06/29/21  16:55:31.941,,BSYS,0088-3,,SCS0118,SCS0118,SCS0118  NODE Recover FIO NODE 02
 06/29/21  16:55:31.192,,BSYS,0087-1,,SCS0118,SCS0118,SCS0118  NODE Fail    FIO NODE 02
 06/29/21  16:55:25.941,,BSYS,0088-3,,SCS0118,SCS0118,SCS0118  NODE Recover FIO NODE 02
 06/29/21  16:55:24.941,,BSYS,0087-1,,SCS0118,SCS0118,SCS0118  NODE Fail    FIO NODE 02
 06/29/21  16:55:21.691,,BSYS,0088-3,,SCS0118,SCS0118,SCS0118  NODE Recover FIO NODE 02
 06/29/21  16:55:19.941,,BSYS,0087-1,,SCS0118,SCS0118,SCS0118  NODE Fail    FIO NODE 02
 06/29/21  16:55:18.941,,BSYS,0088-3,,SCS0118,SCS0118,SCS0118  NODE Recover FIO NODE 02
 06/29/21  16:55:18.441,,BSYS,0087-1,,SCS0118,SCS0118,SCS0118  NODE Fail    FIO NODE 02
 06/29/21  16:55:16.191,,BSYS,0088-3,,SCS0118,SCS0118,SCS0118  NODE Recover FIO NODE 03
 06/29/21  16:55:15.441,,BSYS,0087-1,,SCS0118,SCS0118,SCS0118  NODE Fail    FIO NODE 03
 06/29/21  16:55:11.441,,BSYS,0088-3,,SCS0118,SCS0118,SCS0118  NODE Recover FIO NODE 03
 06/29/21  16:55:10.691,,BSYS,0087-1,,SCS0118,SCS0118,SCS0118  NODE Fail    FIO NODE 03
 06/29/21  16:55:06.691,,BSYS,0088-3,,SCS0118,SCS0118,SCS0118  NODE Recover FIO NODE 03
 06/29/21  16:55:05.941,,BSYS,0087-1,,SCS0118,SCS0118,SCS0118  NODE Fail    FIO NODE 03
 06/29/21  16:55:04.941,,BSYS,0088-3,,SCS0118,SCS0118,SCS0118  NODE Recover FIO NODE 02
 06/29/21  16:55:04.441,,BSYS,0064-3,,SCS0118,SCS0118,SCS0118  FIO-BUS Recover FIO BUS No.1
 06/29/21  16:55:04.441,,BSYS,0088-3,,SCS0118,SCS0118,SCS0118  NODE Recover FIO NODE 03
 06/29/21  16:55:04.191,,BSYS,0063-1,,SCS0118,SCS0118,SCS0118  FIO-BUS Fail    FIO BUS No.1
 06/29/21  16:55:04.191,,BSYS,0087-1,,SCS0118,SCS0118,SCS0118  NODE Fail    FIO NODE 02
 06/29/21  16:55:02.691,,BSYS,0087-1,,SCS0118,SCS0118,SCS0118  NODE Fail    FIO NODE 03
 06/29/21  16:54:56.191,,BSYS,0088-3,,SCS0118,SCS0118,SCS0118  NODE Recover FIO NODE 02
 06/29/21  16:54:55.941,,BSYS,0087-1,,SCS0118,SCS0118,SCS0118  NODE Fail    FIO NODE 02
 06/29/21  16:54:54.941,,BSYS,0064-3,,SCS0118,SCS0118,SCS0118  FIO-BUS Recover FIO BUS No.1
 06/29/21  16:54:54.941,,BSYS,0088-3,,SCS0118,SCS0118,SCS0118  NODE Recover FIO NODE 03
 06/29/21  16:54:54.941,,BSYS,0088-3,,SCS0118,SCS0118,SCS0118  NODE Recover FIO NODE 02
 06/29/21  16:54:54.691,,BSYS,0063-1,,SCS0118,SCS0118,SCS0118  FIO-BUS Fail    FIO BUS No.1
 06/29/21  16:54:54.691,,BSYS,0087-1,,SCS0118,SCS0118,SCS0118  NODE Fail    FIO NODE 02
 06/29/21  16:54:53.941,,BSYS,0064-3,,SCS0118,SCS0118,SCS0118  FIO-BUS Recover FIO BUS No.1
 06/29/21  16:54:53.941,,BSYS,0088-3,,SCS0118,SCS0118,SCS0118  NODE Recover FIO NODE 02
 06/29/21  16:54:53.191,,BSYS,0063-1,,SCS0118,SCS0118,SCS0118  FIO-BUS Fail    FIO BUS No.1
 06/29/21  16:54:53.191,,BSYS,0087-1,,SCS0118,SCS0118,SCS0118  NODE Fail    FIO NODE 03
 06/29/21  16:54:53.191,,BSYS,0087-1,,SCS0118,SCS0118,SCS0118  NODE Fail    FIO NODE 02
 06/29/21  16:54:44.441,,BSYS,0088-3,,SCS0118,SCS0118,SCS0118  NODE Recover FIO NODE 02
 06/29/21  16:54:43.941,,BSYS,0087-1,,SCS0118,SCS0118,SCS0118  NODE Fail    FIO NODE 02
 06/29/21  16:54:42.941,,BSYS,0088-3,,SCS0118,SCS0118,SCS0118  NODE Recover FIO NODE 02
 06/29/21  16:54:41.941,,BSYS,0087-1,,SCS0118,SCS0118,SCS0118  NODE Fail    FIO NODE 02
 06/29/21  16:54:39.941,,BSYS,0088-3,,SCS0118,SCS0118,SCS0118  NODE Recover FIO NODE 02
 06/29/21  16:54:38.941,,BSYS,0087-1,,SCS0118,SCS0118,SCS0118  NODE Fail    FIO NODE 02
 06/29/21  16:54:37.441,,BSYS,0088-3,,SCS0118,SCS0118,SCS0118  NODE Recover FIO NODE 03
 06/29/21  16:54:36.691,,BSYS,0087-1,,SCS0118,SCS0118,SCS0118  NODE Fail    FIO NODE 03
 06/29/21  16:54:33.191,,BSYS,0088-3,,SCS0118,SCS0118,SCS0118  NODE Recover FIO NODE 02
 06/29/21  16:54:32.941,,BSYS,0087-1,,SCS0118,SCS0118,SCS0118  NODE Fail    FIO NODE 02
 06/29/21  16:54:32.691,,BSYS,0088-3,,SCS0118,SCS0118,SCS0118  NODE Recover FIO NODE 03
 06/29/21  16:54:31.941,,BSYS,0087-1,,SCS0118,SCS0118,SCS0118  NODE Fail    FIO NODE 03
 06/29/21  16:54:29.941,,BSYS,0088-3,,SCS0118,SCS0118,SCS0118  NODE Recover FIO NODE 02
 06/29/21  16:54:29.441,,BSYS,0087-1,,SCS0118,SCS0118,SCS0118  NODE Fail    FIO NODE 02
 06/29/21  16:54:28.691,,BSYS,0088-3,,SCS0118,SCS0118,SCS0118  NODE Recover FIO NODE 03
 06/29/21  16:54:27.941,,BSYS,0087-1,,SCS0118,SCS0118,SCS0118  NODE Fail    FIO NODE 03
 06/29/21  16:54:24.691,,BSYS,0088-3,,SCS0118,SCS0118,SCS0118  NODE Recover FIO NODE 02
 06/29/21  16:54:23.941,,BSYS,0087-1,,SCS0118,SCS0118,SCS0118  NODE Fail    FIO NODE 02
 06/29/21  16:54:23.191,,BSYS,0088-3,,SCS0118,SCS0118,SCS0118  NODE Recover FIO NODE 03
 06/29/21  16:54:22.191,,BSYS,0087-1,,SCS0118,SCS0118,SCS0118  NODE Fail    FIO NODE 03
 06/29/21  16:54:16.941,,BSYS,0088-3,,SCS0118,SCS0118,SCS0118  NODE Recover FIO NODE 02
 06/29/21  16:54:16.691,,BSYS,0087-1,,SCS0118,SCS0118,SCS0118  NODE Fail    FIO NODE 02
 06/29/21  16:54:11.941,,BSYS,0088-3,,SCS0118,SCS0118,SCS0118  NODE Recover FIO NODE 02
 06/29/21  16:54:11.191,,BSYS,0087-1,,SCS0118,SCS0118,SCS0118  NODE Fail    FIO NODE 02
 06/29/21  16:54:10.441,,BSYS,0063-2,,SCS0118,SCS0118,SCS0118  FIO-BUS Fail    FIO BUS No.2
 06/29/21  16:54:10.441,,BSYS,0065-2,,SCS0118,SCS0118,SCS0118  SBS Fail    FIO NODE 03 SBS RIGHT
 06/29/21  16:53:32.941,,BSYS,0065-2,,SCS0118,SCS0118,SCS0118  SBS Fail    FIO NODE 02 SBS RIGHT
 06/29/21  16:39:28.941,,BSYS,0066-3,,SCS0118,SCS0118,SCS0118  SBS Recover FIO NODE 03 SBS RIGHT
 06/29/21  16:38:55.941,,BSYS,0064-3,,SCS0118,SCS0118,SCS0118  FIO-BUS Recover FIO BUS No.2
 06/29/21  16:38:55.941,,BSYS,0066-3,,SCS0118,SCS0118,SCS0118  SBS Recover FIO NODE 02 SBS RIGHT
 06/29/21  16:37:41.691,,BSYS,0063-2,,SCS0118,SCS0118,SCS0118  FIO-BUS Fail    FIO BUS No.2
 06/29/21  16:37:41.691,,BSYS,0065-2,,SCS0118,SCS0118,SCS0118  SBS Fail    FIO NODE 02 SBS RIGHT
 06/29/21  16:35:20.691,,BSYS,0065-2,,SCS0118,SCS0118,SCS0118  SBS Fail    FIO NODE 03 SBS RIGHT
 06/29/21  16:07:54.591,,BSYS,0477-2,,SCS0118,SCS0118,SCS0118  IOM Download Error FIO NODE 02 SLOT 02 Error= 3BFF
 06/29/21  16:07:54.505,,BSYS,0475-4,,SCS0118,SCS0118,SCS0118  IOM Download Start FIO NODE 02 SLOT 02
 06/29/21  16:07:38.892,,BSYS,0477-2,,SCS0118,SCS0118,SCS0118  IOM Download Error FIO NODE 02 SLOT 01 Error= 3BFF
 06/29/21  16:07:38.836,,BSYS,0475-4,,SCS0118,SCS0118,SCS0118  IOM Download Start FIO NODE 02 SLOT 01
 06/29/21  15:53:26.691,,BSYS,0066-3,,SCS0118,SCS0118,SCS0118  SBS Recover FIO NODE 03 SBS RIGHT
 06/29/21  15:52:53.941,,BSYS,0064-3,,SCS0118,SCS0118,SCS0118  FIO-BUS Recover FIO BUS No.2
 06/29/21  15:52:53.941,,BSYS,0066-3,,SCS0118,SCS0118,SCS0118  SBS Recover FIO NODE 02 SBS RIGHT
 06/29/21  15:50:33.941,,BSYS,0063-2,,SCS0118,SCS0118,SCS0118  FIO-BUS Fail    FIO BUS No.2
 06/29/21  15:50:33.941,,BSYS,0065-2,,SCS0118,SCS0118,SCS0118  SBS Fail    FIO NODE 02 SBS RIGHT
 06/29/21  15:49:51.941,,BSYS,0065-2,,SCS0118,SCS0118,SCS0118  SBS Fail    FIO NODE 03 SBS RIGHT
 06/29/21  15:45:45.941,,BSYS,0066-3,,SCS0118,SCS0118,SCS0118  SBS Recover FIO NODE 02 SBS RIGHT
 06/29/21  15:45:12.941,,BSYS,0066-3,,SCS0118,SCS0118,SCS0118  SBS Recover FIO NODE 03 SBS LEFT
 06/29/21  15:45:11.191,,BSYS,0065-2,,SCS0118,SCS0118,SCS0118  SBS Fail    FIO NODE 03 SBS LEFT
 06/29/21  15:45:00.191,,BSYS,0064-3,,SCS0118,SCS0118,SCS0118  FIO-BUS Recover FIO BUS No.2
 06/29/21  15:45:00.191,,BSYS,0066-3,,SCS0118,SCS0118,SCS0118  SBS Recover FIO NODE 03 SBS RIGHT
 06/29/21  15:44:59.941,,BSYS,0088-3,,SCS0118,SCS0118,SCS0118  NODE Recover FIO NODE 02
 06/29/21  15:44:59.191,,BSYS,0087-1,,SCS0118,SCS0118,SCS0118  NODE Fail    FIO NODE 02
 06/29/21  15:44:55.191,,BSYS,0088-3,,SCS0118,SCS0118,SCS0118  NODE Recover FIO NODE 02
 06/29/21  15:44:54.941,,BSYS,0087-1,,SCS0118,SCS0118,SCS0118  NODE Fail    FIO NODE 02
 06/29/21  15:44:46.691,,BSYS,0088-3,,SCS0118,SCS0118,SCS0118  NODE Recover FIO NODE 03
 06/29/21  15:44:45.941,,BSYS,0087-1,,SCS0118,SCS0118,SCS0118  NODE Fail    FIO NODE 03
 06/29/21  15:44:43.441,,BSYS,0088-3,,SCS0118,SCS0118,SCS0118  NODE Recover FIO NODE 03
 06/29/21  15:44:42.691,,BSYS,0087-1,,SCS0118,SCS0118,SCS0118  NODE Fail    FIO NODE 03
 06/29/21  15:44:30.691,,BSYS,0088-3,,SCS0118,SCS0118,SCS0118  NODE Recover FIO NODE 02
 06/29/21  15:44:29.941,,BSYS,0087-1,,SCS0118,SCS0118,SCS0118  NODE Fail    FIO NODE 02
 06/29/21  15:44:25.941,,BSYS,0088-3,,SCS0118,SCS0118,SCS0118  NODE Recover FIO NODE 03
 06/29/21  15:44:24.441,,BSYS,0087-1,,SCS0118,SCS0118,SCS0118  NODE Fail    FIO NODE 03
 06/29/21  15:44:22.941,,BSYS,0088-3,,SCS0118,SCS0118,SCS0118  NODE Recover FIO NODE 03
 06/29/21  15:44:22.191,,BSYS,0087-1,,SCS0118,SCS0118,SCS0118  NODE Fail    FIO NODE 03
 06/29/21  15:44:03.941,,BSYS,0088-3,,SCS0118,SCS0118,SCS0118  NODE Recover FIO NODE 03
 06/29/21  15:44:02.941,,BSYS,0087-1,,SCS0118,SCS0118,SCS0118  NODE Fail    FIO NODE 03
 06/29/21  15:44:01.441,,BSYS,0088-3,,SCS0118,SCS0118,SCS0118  NODE Recover FIO NODE 02
 06/29/21  15:44:00.941,,BSYS,0087-1,,SCS0118,SCS0118,SCS0118  NODE Fail    FIO NODE 02
 06/29/21  15:43:59.191,,BSYS,0088-3,,SCS0118,SCS0118,SCS0118  NODE Recover FIO NODE 03
 06/29/21  15:43:58.441,,BSYS,0087-1,,SCS0118,SCS0118,SCS0118  NODE Fail    FIO NODE 03
 06/29/21  15:43:55.941,,BSYS,0088-3,,SCS0118,SCS0118,SCS0118  NODE Recover FIO NODE 02
 06/29/21  15:43:54.941,,BSYS,0087-1,,SCS0118,SCS0118,SCS0118  NODE Fail    FIO NODE 02
 06/29/21  15:43:52.691,,BSYS,0088-3,,SCS0118,SCS0118,SCS0118  NODE Recover FIO NODE 03
 06/29/21  15:43:51.191,,BSYS,0087-1,,SCS0118,SCS0118,SCS0118  NODE Fail    FIO NODE 03
 06/29/21  15:43:45.941,,BSYS,0088-3,,SCS0118,SCS0118,SCS0118  NODE Recover FIO NODE 02
 06/29/21  15:43:45.441,,BSYS,0087-1,,SCS0118,SCS0118,SCS0118  NODE Fail    FIO NODE 02
 06/29/21  15:43:43.191,,BSYS,0088-3,,SCS0118,SCS0118,SCS0118  NODE Recover FIO NODE 02
 06/29/21  15:43:42.441,,BSYS,0087-1,,SCS0118,SCS0118,SCS0118  NODE Fail    FIO NODE 02
 06/29/21  15:43:39.941,,BSYS,0088-3,,SCS0118,SCS0118,SCS0118  NODE Recover FIO NODE 03
 06/29/21  15:43:38.441,,BSYS,0087-1,,SCS0118,SCS0118,SCS0118  NODE Fail    FIO NODE 03
 06/29/21  15:43:35.191,,BSYS,0088-3,,SCS0118,SCS0118,SCS0118  NODE Recover FIO NODE 02
 06/29/21  15:43:34.941,,BSYS,0087-1,,SCS0118,SCS0118,SCS0118  NODE Fail    FIO NODE 02
 06/29/21  15:43:30.941,,BSYS,0088-3,,SCS0118,SCS0118,SCS0118  NODE Recover FIO NODE 02
 06/29/21  15:43:30.441,,BSYS,0087-1,,SCS0118,SCS0118,SCS0118  NODE Fail    FIO NODE 02
 06/29/21  15:43:28.941,,BSYS,0088-3,,SCS0118,SCS0118,SCS0118  NODE Recover FIO NODE 02
 06/29/21  15:43:27.191,,BSYS,0087-1,,SCS0118,SCS0118,SCS0118  NODE Fail    FIO NODE 02
 06/29/21  15:43:26.441,,BSYS,0088-3,,SCS0118,SCS0118,SCS0118  NODE Recover FIO NODE 02
 06/29/21  15:43:25.941,,BSYS,0087-1,,SCS0118,SCS0118,SCS0118  NODE Fail    FIO NODE 02
 06/29/21  15:43:17.941,,BSYS,0088-3,,SCS0118,SCS0118,SCS0118  NODE Recover FIO NODE 03
 06/29/21  15:43:17.191,,BSYS,0087-1,,SCS0118,SCS0118,SCS0118  NODE Fail    FIO NODE 03
 06/29/21  15:43:14.691,,BSYS,0088-3,,SCS0118,SCS0118,SCS0118  NODE Recover FIO NODE 02
 06/29/21  15:43:13.941,,BSYS,0087-1,,SCS0118,SCS0118,SCS0118  NODE Fail    FIO NODE 02
 06/29/21  15:43:12.441,,BSYS,0088-3,,SCS0118,SCS0118,SCS0118  NODE Recover FIO NODE 03
 06/29/21  15:43:12.191,,BSYS,0064-3,,SCS0118,SCS0118,SCS0118  FIO-BUS Recover FIO BUS No.1
 06/29/21  15:43:12.191,,BSYS,0088-3,,SCS0118,SCS0118,SCS0118  NODE Recover FIO NODE 02
 06/29/21  15:43:11.941,,BSYS,0063-1,,SCS0118,SCS0118,SCS0118  FIO-BUS Fail    FIO BUS No.1
 06/29/21  15:43:11.941,,BSYS,0087-1,,SCS0118,SCS0118,SCS0118  NODE Fail    FIO NODE 02
 06/29/21  15:43:11.441,,BSYS,0087-1,,SCS0118,SCS0118,SCS0118  NODE Fail    FIO NODE 03
 06/29/21  15:43:08.191,,BSYS,0088-3,,SCS0118,SCS0118,SCS0118  NODE Recover FIO NODE 02
 06/29/21  15:43:07.941,,BSYS,0087-1,,SCS0118,SCS0118,SCS0118  NODE Fail    FIO NODE 02
 06/29/21  15:43:02.941,,BSYS,0088-3,,SCS0118,SCS0118,SCS0118  NODE Recover FIO NODE 02
 06/29/21  15:43:02.691,,BSYS,0087-1,,SCS0118,SCS0118,SCS0118  NODE Fail    FIO NODE 02
 06/29/21  15:42:56.941,,BSYS,0088-3,,SCS0118,SCS0118,SCS0118  NODE Recover FIO NODE 02
 06/29/21  15:42:56.441,,BSYS,0087-1,,SCS0118,SCS0118,SCS0118  NODE Fail    FIO NODE 02
 06/29/21  15:42:50.191,,BSYS,0088-3,,SCS0118,SCS0118,SCS0118  NODE Recover FIO NODE 03
 06/29/21  15:42:49.441,,BSYS,0087-1,,SCS0118,SCS0118,SCS0118  NODE Fail    FIO NODE 03
 06/29/21  15:42:45.441,,BSYS,0088-3,,SCS0118,SCS0118,SCS0118  NODE Recover FIO NODE 03
 06/29/21  15:42:44.691,,BSYS,0087-1,,SCS0118,SCS0118,SCS0118  NODE Fail    FIO NODE 03
 06/29/21  15:42:44.441,,BSYS,0088-3,,SCS0118,SCS0118,SCS0118  NODE Recover FIO NODE 02
 06/29/21  15:42:43.941,,BSYS,0087-1,,SCS0118,SCS0118,SCS0118  NODE Fail    FIO NODE 02
 06/29/21  15:42:38.191,,BSYS,0088-3,,SCS0118,SCS0118,SCS0118  NODE Recover FIO NODE 03
 06/29/21  15:42:37.441,,BSYS,0087-1,,SCS0118,SCS0118,SCS0118  NODE Fail    FIO NODE 03
 06/29/21  15:42:32.691,,BSYS,0088-3,,SCS0118,SCS0118,SCS0118  NODE Recover FIO NODE 02
 06/29/21  15:42:31.941,,BSYS,0087-1,,SCS0118,SCS0118,SCS0118  NODE Fail    FIO NODE 02
 06/29/21  15:42:28.691,,BSYS,0088-3,,SCS0118,SCS0118,SCS0118  NODE Recover FIO NODE 03
 06/29/21  15:42:27.941,,BSYS,0087-1,,SCS0118,SCS0118,SCS0118  NODE Fail    FIO NODE 03
 06/29/21  15:42:26.941,,BSYS,0088-3,,SCS0118,SCS0118,SCS0118  NODE Recover FIO NODE 02
 06/29/21  15:42:26.191,,BSYS,0087-1,,SCS0118,SCS0118,SCS0118  NODE Fail    FIO NODE 02
 06/29/21  15:42:22.191,,BSYS,0088-3,,SCS0118,SCS0118,SCS0118  NODE Recover FIO NODE 02
 06/29/21  15:42:21.941,,BSYS,0087-1,,SCS0118,SCS0118,SCS0118  NODE Fail    FIO NODE 02
 06/29/21  15:42:20.941,,BSYS,0088-3,,SCS0118,SCS0118,SCS0118  NODE Recover FIO NODE 02
 06/29/21  15:42:20.691,,BSYS,0087-1,,SCS0118,SCS0118,SCS0118  NODE Fail    FIO NODE 02
 06/29/21  15:42:19.191,,BSYS,0088-3,,SCS0118,SCS0118,SCS0118  NODE Recover FIO NODE 02
 06/29/21  15:42:18.941,,BSYS,0087-1,,SCS0118,SCS0118,SCS0118  NODE Fail    FIO NODE 02
 06/29/21  15:42:17.441,,BSYS,0088-3,,SCS0118,SCS0118,SCS0118  NODE Recover FIO NODE 02
 06/29/21  15:42:16.941,,BSYS,0087-1,,SCS0118,SCS0118,SCS0118  NODE Fail    FIO NODE 02
 06/29/21  15:42:13.941,,BSYS,0088-3,,SCS0118,SCS0118,SCS0118  NODE Recover FIO NODE 02
 06/29/21  15:42:13.691,,BSYS,0087-1,,SCS0118,SCS0118,SCS0118  NODE Fail    FIO NODE 02
 06/29/21  15:42:09.691,,BSYS,0088-3,,SCS0118,SCS0118,SCS0118  NODE Recover FIO NODE 03
 06/29/21  15:42:08.941,,BSYS,0087-1,,SCS0118,SCS0118,SCS0118  NODE Fail    FIO NODE 03
 06/29/21  15:42:05.691,,BSYS,0088-3,,SCS0118,SCS0118,SCS0118  NODE Recover FIO NODE 02
 06/29/21  15:42:04.941,,BSYS,0087-1,,SCS0118,SCS0118,SCS0118  NODE Fail    FIO NODE 02
 06/29/21  15:42:02.941,,BSYS,0088-3,,SCS0118,SCS0118,SCS0118  NODE Recover FIO NODE 02
 06/29/21  15:42:02.441,,BSYS,0087-1,,SCS0118,SCS0118,SCS0118  NODE Fail    FIO NODE 02
 06/29/21  15:41:56.941,,BSYS,0088-3,,SCS0118,SCS0118,SCS0118  NODE Recover FIO NODE 02
 06/29/21  15:41:56.191,,BSYS,0087-1,,SCS0118,SCS0118,SCS0118  NODE Fail    FIO NODE 02
 06/29/21  15:41:54.941,,BSYS,0088-3,,SCS0118,SCS0118,SCS0118  NODE Recover FIO NODE 02
 06/29/21  15:41:54.691,,BSYS,0088-3,,SCS0118,SCS0118,SCS0118  NODE Recover FIO NODE 03
 06/29/21  15:41:54.691,,BSYS,0087-1,,SCS0118,SCS0118,SCS0118  NODE Fail    FIO NODE 02
 06/29/21  15:41:53.941,,BSYS,0087-1,,SCS0118,SCS0118,SCS0118  NODE Fail    FIO NODE 03
 06/29/21  15:41:46.941,,BSYS,0088-3,,SCS0118,SCS0118,SCS0118  NODE Recover FIO NODE 02
 06/29/21  15:41:46.691,,BSYS,0088-3,,SCS0118,SCS0118,SCS0118  NODE Recover FIO NODE 03
 06/29/21  15:41:46.691,,BSYS,0087-1,,SCS0118,SCS0118,SCS0118  NODE Fail    FIO NODE 02
 06/29/21  15:41:45.941,,BSYS,0087-1,,SCS0118,SCS0118,SCS0118  NODE Fail    FIO NODE 03
 06/29/21  15:41:45.941,,BSYS,0088-3,,SCS0118,SCS0118,SCS0118  NODE Recover FIO NODE 02
 06/29/21  15:41:45.191,,BSYS,0064-3,,SCS0118,SCS0118,SCS0118  FIO-BUS Recover FIO BUS No.1
 06/29/21  15:41:45.191,,BSYS,0088-3,,SCS0118,SCS0118,SCS0118  NODE Recover FIO NODE 03
 06/29/21  15:41:44.941,,BSYS,0063-1,,SCS0118,SCS0118,SCS0118  FIO-BUS Fail    FIO BUS No.1
 06/29/21  15:41:44.941,,BSYS,0087-1,,SCS0118,SCS0118,SCS0118  NODE Fail    FIO NODE 02
 06/29/21  15:41:44.441,,BSYS,0087-1,,SCS0118,SCS0118,SCS0118  NODE Fail    FIO NODE 03
 06/29/21  15:41:41.191,,BSYS,0088-3,,SCS0118,SCS0118,SCS0118  NODE Recover FIO NODE 03
 06/29/21  15:41:40.441,,BSYS,0087-1,,SCS0118,SCS0118,SCS0118  NODE Fail    FIO NODE 03
 06/29/21  15:41:34.941,,BSYS,0088-3,,SCS0118,SCS0118,SCS0118  NODE Recover FIO NODE 02
 06/29/21  15:41:34.691,,BSYS,0087-1,,SCS0118,SCS0118,SCS0118  NODE Fail    FIO NODE 02
 06/29/21  15:41:33.191,,BSYS,0088-3,,SCS0118,SCS0118,SCS0118  NODE Recover FIO NODE 02
 06/29/21  15:41:32.941,,BSYS,0087-1,,SCS0118,SCS0118,SCS0118  NODE Fail    FIO NODE 02
 06/29/21  15:41:32.441,,BSYS,0088-3,,SCS0118,SCS0118,SCS0118  NODE Recover FIO NODE 03
 06/29/21  15:41:31.691,,BSYS,0087-1,,SCS0118,SCS0118,SCS0118  NODE Fail    FIO NODE 03
 06/29/21  15:41:29.191,,BSYS,0088-3,,SCS0118,SCS0118,SCS0118  NODE Recover FIO NODE 03
 06/29/21  15:41:28.441,,BSYS,0087-1,,SCS0118,SCS0118,SCS0118  NODE Fail    FIO NODE 03
 06/29/21  15:41:21.941,,BSYS,0088-3,,SCS0118,SCS0118,SCS0118  NODE Recover FIO NODE 02
 06/29/21  15:41:20.941,,BSYS,0087-1,,SCS0118,SCS0118,SCS0118  NODE Fail    FIO NODE 02
 06/29/21  15:41:13.941,,BSYS,0088-3,,SCS0118,SCS0118,SCS0118  NODE Recover FIO NODE 02
 06/29/21  15:41:13.191,,BSYS,0087-1,,SCS0118,SCS0118,SCS0118  NODE Fail    FIO NODE 02
 06/29/21  15:41:10.941,,BSYS,0088-3,,SCS0118,SCS0118,SCS0118  NODE Recover FIO NODE 02
 06/29/21  15:41:10.191,,BSYS,0064-3,,SCS0118,SCS0118,SCS0118  FIO-BUS Recover FIO BUS No.1
 06/29/21  15:41:10.191,,BSYS,0088-3,,SCS0118,SCS0118,SCS0118  NODE Recover FIO NODE 03
 06/29/21  15:41:09.941,,BSYS,0063-1,,SCS0118,SCS0118,SCS0118  FIO-BUS Fail    FIO BUS No.1
 06/29/21  15:41:09.941,,BSYS,0087-1,,SCS0118,SCS0118,SCS0118  NODE Fail    FIO NODE 02
 06/29/21  15:41:09.441,,BSYS,0087-1,,SCS0118,SCS0118,SCS0118  NODE Fail    FIO NODE 03
 06/29/21  15:41:03.941,,BSYS,0088-3,,SCS0118,SCS0118,SCS0118  NODE Recover FIO NODE 03
 06/29/21  15:41:03.191,,BSYS,0087-1,,SCS0118,SCS0118,SCS0118  NODE Fail    FIO NODE 03
 06/29/21  15:40:59.191,,BSYS,0088-3,,SCS0118,SCS0118,SCS0118  NODE Recover FIO NODE 03
 06/29/21  15:40:58.441,,BSYS,0087-1,,SCS0118,SCS0118,SCS0118  NODE Fail    FIO NODE 03
 06/29/21  15:40:58.191,,BSYS,0088-3,,SCS0118,SCS0118,SCS0118  NODE Recover FIO NODE 02
 06/29/21  15:40:57.941,,BSYS,0087-1,,SCS0118,SCS0118,SCS0118  NODE Fail    FIO NODE 02
 06/29/21  15:40:54.941,,BSYS,0088-3,,SCS0118,SCS0118,SCS0118  NODE Recover FIO NODE 02
 06/29/21  15:40:53.941,,BSYS,0087-1,,SCS0118,SCS0118,SCS0118  NODE Fail    FIO NODE 02
 06/29/21  15:40:47.191,,BSYS,0088-3,,SCS0118,SCS0118,SCS0118  NODE Recover FIO NODE 03
 06/29/21  15:40:46.441,,BSYS,0087-1,,SCS0118,SCS0118,SCS0118  NODE Fail    FIO NODE 03
 06/29/21  15:40:39.441,,BSYS,0088-3,,SCS0118,SCS0118,SCS0118  NODE Recover FIO NODE 03
 06/29/21  15:40:38.441,,BSYS,0087-1,,SCS0118,SCS0118,SCS0118  NODE Fail    FIO NODE 03
 06/29/21  15:40:29.941,,BSYS,0063-2,,SCS0118,SCS0118,SCS0118  FIO-BUS Fail    FIO BUS No.2
 06/29/21  15:40:29.941,,BSYS,0065-2,,SCS0118,SCS0118,SCS0118  SBS Fail    FIO NODE 03 SBS RIGHT
 06/29/21  15:39:46.941,,BSYS,0065-2,,SCS0118,SCS0118,SCS0118  SBS Fail    FIO NODE 02 SBS RIGHT
 06/29/21  15:31:31.441,,BSYS,0064-3,,SCS0118,SCS0118,SCS0118  FIO-BUS Recover FIO BUS No.2
 06/29/21  15:31:31.441,,BSYS,0066-3,,SCS0118,SCS0118,SCS0118  SBS Recover FIO NODE 03 SBS RIGHT
 06/29/21  15:31:31.441,,BSYS,0066-3,,SCS0118,SCS0118,SCS0118  SBS Recover FIO NODE 02 SBS RIGHT
 06/29/21  15:31:18.941,,BSYS,0088-3,,SCS0118,SCS0118,SCS0118  NODE Recover FIO NODE 02
 06/29/21  15:31:18.691,,BSYS,0087-1,,SCS0118,SCS0118,SCS0118  NODE Fail    FIO NODE 02
 06/29/21  15:31:16.941,,BSYS,0088-3,,SCS0118,SCS0118,SCS0118  NODE Recover FIO NODE 02
 06/29/21  15:31:15.941,,BSYS,0087-1,,SCS0118,SCS0118,SCS0118  NODE Fail    FIO NODE 02
 06/29/21  15:31:14.941,,BSYS,0088-3,,SCS0118,SCS0118,SCS0118  NODE Recover FIO NODE 02
 06/29/21  15:31:14.691,,BSYS,0087-1,,SCS0118,SCS0118,SCS0118  NODE Fail    FIO NODE 02
 06/29/21  15:31:11.691,,BSYS,0088-3,,SCS0118,SCS0118,SCS0118  NODE Recover FIO NODE 03
 06/29/21  15:31:10.941,,BSYS,0087-1,,SCS0118,SCS0118,SCS0118  NODE Fail    FIO NODE 03
 06/29/21  15:31:04.941,,BSYS,0088-3,,SCS0118,SCS0118,SCS0118  NODE Recover FIO NODE 02
 06/29/21  15:31:04.441,,BSYS,0087-1,,SCS0118,SCS0118,SCS0118  NODE Fail    FIO NODE 02
 06/29/21  15:30:57.941,,BSYS,0088-3,,SCS0118,SCS0118,SCS0118  NODE Recover FIO NODE 02
 06/29/21  15:30:57.441,,BSYS,0087-1,,SCS0118,SCS0118,SCS0118  NODE Fail    FIO NODE 02
 06/29/21  15:30:52.691,,BSYS,0088-3,,SCS0118,SCS0118,SCS0118  NODE Recover FIO NODE 02
 06/29/21  15:30:51.941,,BSYS,0087-1,,SCS0118,SCS0118,SCS0118  NODE Fail    FIO NODE 02
 06/29/21  15:30:49.941,,BSYS,0088-3,,SCS0118,SCS0118,SCS0118  NODE Recover FIO NODE 02
 06/29/21  15:30:49.441,,BSYS,0087-1,,SCS0118,SCS0118,SCS0118  NODE Fail    FIO NODE 02
 06/29/21  15:30:47.941,,BSYS,0088-3,,SCS0118,SCS0118,SCS0118  NODE Recover FIO NODE 03
 06/29/21  15:30:47.191,,BSYS,0087-1,,SCS0118,SCS0118,SCS0118  NODE Fail    FIO NODE 03
 06/29/21  15:30:46.941,,BSYS,0088-3,,SCS0118,SCS0118,SCS0118  NODE Recover FIO NODE 02
 06/29/21  15:30:46.191,,BSYS,0087-1,,SCS0118,SCS0118,SCS0118  NODE Fail    FIO NODE 02
 06/29/21  15:30:37.941,,BSYS,0088-3,,SCS0118,SCS0118,SCS0118  NODE Recover FIO NODE 02
 06/29/21  15:30:37.441,,BSYS,0087-1,,SCS0118,SCS0118,SCS0118  NODE Fail    FIO NODE 02
 06/29/21  15:30:35.191,,BSYS,0088-3,,SCS0118,SCS0118,SCS0118  NODE Recover FIO NODE 03
 06/29/21  15:30:34.441,,BSYS,0087-1,,SCS0118,SCS0118,SCS0118  NODE Fail    FIO NODE 03
 06/29/21  15:30:28.941,,BSYS,0088-3,,SCS0118,SCS0118,SCS0118  NODE Recover FIO NODE 03
 06/29/21  15:30:27.941,,BSYS,0087-1,,SCS0118,SCS0118,SCS0118  NODE Fail    FIO NODE 03
 06/29/21  15:30:21.941,,BSYS,0088-3,,SCS0118,SCS0118,SCS0118  NODE Recover FIO NODE 02
 06/29/21  15:30:21.691,,BSYS,0087-1,,SCS0118,SCS0118,SCS0118  NODE Fail    FIO NODE 02
 06/29/21  15:30:19.941,,BSYS,0088-3,,SCS0118,SCS0118,SCS0118  NODE Recover FIO NODE 02
 06/29/21  15:30:19.191,,BSYS,0087-1,,SCS0118,SCS0118,SCS0118  NODE Fail    FIO NODE 02
 06/29/21  15:30:18.691,,BSYS,0088-3,,SCS0118,SCS0118,SCS0118  NODE Recover FIO NODE 03
 06/29/21  15:30:17.941,,BSYS,0087-1,,SCS0118,SCS0118,SCS0118  NODE Fail    FIO NODE 03
 06/29/21  15:30:16.941,,BSYS,0088-3,,SCS0118,SCS0118,SCS0118  NODE Recover FIO NODE 02
 06/29/21  15:30:15.941,,BSYS,0087-1,,SCS0118,SCS0118,SCS0118  NODE Fail    FIO NODE 02
 06/29/21  15:30:11.941,,BSYS,0088-3,,SCS0118,SCS0118,SCS0118  NODE Recover FIO NODE 02
 06/29/21  15:30:11.441,,BSYS,0087-1,,SCS0118,SCS0118,SCS0118  NODE Fail    FIO NODE 02
 06/29/21  15:30:10.941,,BSYS,0088-3,,SCS0118,SCS0118,SCS0118  NODE Recover FIO NODE 02
 06/29/21  15:30:10.441,,BSYS,0087-1,,SCS0118,SCS0118,SCS0118  NODE Fail    FIO NODE 02
 06/29/21  15:30:00.441,,BSYS,0088-3,,SCS0118,SCS0118,SCS0118  NODE Recover FIO NODE 03
 06/29/21  15:29:59.441,,BSYS,0087-1,,SCS0118,SCS0118,SCS0118  NODE Fail    FIO NODE 03
 06/29/21  15:29:54.691,,BSYS,0088-3,,SCS0118,SCS0118,SCS0118  NODE Recover FIO NODE 02
 06/29/21  15:29:53.941,,BSYS,0087-1,,SCS0118,SCS0118,SCS0118  NODE Fail    FIO NODE 02
 06/29/21  15:29:47.941,,BSYS,0088-3,,SCS0118,SCS0118,SCS0118  NODE Recover FIO NODE 02
 06/29/21  15:29:47.691,,BSYS,0087-1,,SCS0118,SCS0118,SCS0118  NODE Fail    FIO NODE 02
 06/29/21  15:29:40.941,,BSYS,0088-3,,SCS0118,SCS0118,SCS0118  NODE Recover FIO NODE 02
 06/29/21  15:29:40.441,,BSYS,0087-1,,SCS0118,SCS0118,SCS0118  NODE Fail    FIO NODE 02
 06/29/21  15:29:36.441,,BSYS,0088-3,,SCS0118,SCS0118,SCS0118  NODE Recover FIO NODE 02
 06/29/21  15:29:35.941,,BSYS,0087-1,,SCS0118,SCS0118,SCS0118  NODE Fail    FIO NODE 02
 06/29/21  15:29:31.941,,BSYS,0088-3,,SCS0118,SCS0118,SCS0118  NODE Recover FIO NODE 02
 06/29/21  15:29:31.691,,BSYS,0087-1,,SCS0118,SCS0118,SCS0118  NODE Fail    FIO NODE 02
 06/29/21  15:29:30.191,,BSYS,0088-3,,SCS0118,SCS0118,SCS0118  NODE Recover FIO NODE 03
 06/29/21  15:29:29.441,,BSYS,0087-1,,SCS0118,SCS0118,SCS0118  NODE Fail    FIO NODE 03
 06/29/21  15:29:24.941,,BSYS,0088-3,,SCS0118,SCS0118,SCS0118  NODE Recover FIO NODE 02
 06/29/21  15:29:24.691,,BSYS,0087-1,,SCS0118,SCS0118,SCS0118  NODE Fail    FIO NODE 02
 06/29/21  15:29:15.941,,BSYS,0088-3,,SCS0118,SCS0118,SCS0118  NODE Recover FIO NODE 03
 06/29/21  15:29:15.191,,BSYS,0087-1,,SCS0118,SCS0118,SCS0118  NODE Fail    FIO NODE 03
 06/29/21  15:28:56.191,,BSYS,0088-3,,SCS0118,SCS0118,SCS0118  NODE Recover FIO NODE 03
 06/29/21  15:28:55.441,,BSYS,0087-1,,SCS0118,SCS0118,SCS0118  NODE Fail    FIO NODE 03
 06/29/21  15:28:52.191,,BSYS,0088-3,,SCS0118,SCS0118,SCS0118  NODE Recover FIO NODE 03
 06/29/21  15:28:51.441,,BSYS,0087-1,,SCS0118,SCS0118,SCS0118  NODE Fail    FIO NODE 03
 06/29/21  15:28:46.441,,BSYS,0088-3,,SCS0118,SCS0118,SCS0118  NODE Recover FIO NODE 02
 06/29/21  15:28:45.941,,BSYS,0087-1,,SCS0118,SCS0118,SCS0118  NODE Fail    FIO NODE 02
 06/29/21  15:28:37.941,,BSYS,0088-3,,SCS0118,SCS0118,SCS0118  NODE Recover FIO NODE 03
 06/29/21  15:28:37.191,,BSYS,0087-1,,SCS0118,SCS0118,SCS0118  NODE Fail    FIO NODE 03
 06/29/21  15:28:36.191,,BSYS,0088-3,,SCS0118,SCS0118,SCS0118  NODE Recover FIO NODE 02
 06/29/21  15:28:35.941,,BSYS,0087-1,,SCS0118,SCS0118,SCS0118  NODE Fail    FIO NODE 02
 06/29/21  15:28:27.691,,BSYS,0088-3,,SCS0118,SCS0118,SCS0118  NODE Recover FIO NODE 03
 06/29/21  15:28:26.941,,BSYS,0087-1,,SCS0118,SCS0118,SCS0118  NODE Fail    FIO NODE 03
 06/29/21  15:28:24.941,,BSYS,0088-3,,SCS0118,SCS0118,SCS0118  NODE Recover FIO NODE 02
 06/29/21  15:28:24.191,,BSYS,0087-1,,SCS0118,SCS0118,SCS0118  NODE Fail    FIO NODE 02
 06/29/21  15:28:23.441,,BSYS,0088-3,,SCS0118,SCS0118,SCS0118  NODE Recover FIO NODE 02
 06/29/21  15:28:22.941,,BSYS,0087-1,,SCS0118,SCS0118,SCS0118  NODE Fail    FIO NODE 02
 06/29/21  15:28:17.941,,BSYS,0088-3,,SCS0118,SCS0118,SCS0118  NODE Recover FIO NODE 03
 06/29/21  15:28:17.191,,BSYS,0087-1,,SCS0118,SCS0118,SCS0118  NODE Fail    FIO NODE 03
 06/29/21  15:28:14.191,,BSYS,0088-3,,SCS0118,SCS0118,SCS0118  NODE Recover FIO NODE 03
 06/29/21  15:28:13.191,,BSYS,0087-1,,SCS0118,SCS0118,SCS0118  NODE Fail    FIO NODE 03
 06/29/21  15:28:05.191,,BSYS,0088-3,,SCS0118,SCS0118,SCS0118  NODE Recover FIO NODE 02
 06/29/21  15:28:04.941,,BSYS,0087-1,,SCS0118,SCS0118,SCS0118  NODE Fail    FIO NODE 02
 06/29/21  15:28:01.941,,BSYS,0088-3,,SCS0118,SCS0118,SCS0118  NODE Recover FIO NODE 02
 06/29/21  15:28:00.941,,BSYS,0087-1,,SCS0118,SCS0118,SCS0118  NODE Fail    FIO NODE 02
 06/29/21  15:27:55.941,,BSYS,0088-3,,SCS0118,SCS0118,SCS0118  NODE Recover FIO NODE 03
 06/29/21  15:27:54.941,,BSYS,0087-1,,SCS0118,SCS0118,SCS0118  NODE Fail    FIO NODE 03
 06/29/21  15:27:38.941,,BSYS,0088-3,,SCS0118,SCS0118,SCS0118  NODE Recover FIO NODE 02
 06/29/21  15:27:38.441,,BSYS,0087-1,,SCS0118,SCS0118,SCS0118  NODE Fail    FIO NODE 02
 06/29/21  15:27:28.941,,BSYS,0088-3,,SCS0118,SCS0118,SCS0118  NODE Recover FIO NODE 02
 06/29/21  15:27:27.941,,BSYS,0087-1,,SCS0118,SCS0118,SCS0118  NODE Fail    FIO NODE 02
 06/29/21  15:27:21.941,,BSYS,0088-3,,SCS0118,SCS0118,SCS0118  NODE Recover FIO NODE 02
 06/29/21  15:27:21.691,,BSYS,0087-1,,SCS0118,SCS0118,SCS0118  NODE Fail    FIO NODE 02
 06/29/21  15:27:20.941,,BSYS,0088-3,,SCS0118,SCS0118,SCS0118  NODE Recover FIO NODE 02
 06/29/21  15:27:19.941,,BSYS,0087-1,,SCS0118,SCS0118,SCS0118  NODE Fail    FIO NODE 02
 06/29/21  15:27:18.691,,BSYS,0088-3,,SCS0118,SCS0118,SCS0118  NODE Recover FIO NODE 03
 06/29/21  15:27:17.941,,BSYS,0087-1,,SCS0118,SCS0118,SCS0118  NODE Fail    FIO NODE 03
 06/29/21  15:27:16.191,,BSYS,0064-3,,SCS0118,SCS0118,SCS0118  FIO-BUS Recover FIO BUS No.1
 06/29/21  15:27:16.191,,BSYS,0088-3,,SCS0118,SCS0118,SCS0118  NODE Recover FIO NODE 03
 06/29/21  15:27:16.191,,BSYS,0088-3,,SCS0118,SCS0118,SCS0118  NODE Recover FIO NODE 02
 06/29/21  15:27:15.941,,BSYS,0063-1,,SCS0118,SCS0118,SCS0118  FIO-BUS Fail    FIO BUS No.1
 06/29/21  15:27:15.941,,BSYS,0087-1,,SCS0118,SCS0118,SCS0118  NODE Fail    FIO NODE 02
 06/29/21  15:27:15.441,,BSYS,0087-1,,SCS0118,SCS0118,SCS0118  NODE Fail    FIO NODE 03
 06/29/21  15:27:14.691,,BSYS,0088-3,,SCS0118,SCS0118,SCS0118  NODE Recover FIO NODE 03
 06/29/21  15:27:13.941,,BSYS,0087-1,,SCS0118,SCS0118,SCS0118  NODE Fail    FIO NODE 03
 06/29/21  15:27:09.941,,BSYS,0088-3,,SCS0118,SCS0118,SCS0118  NODE Recover FIO NODE 03
 06/29/21  15:27:08.941,,BSYS,0087-1,,SCS0118,SCS0118,SCS0118  NODE Fail    FIO NODE 03
 06/29/21  15:27:05.191,,BSYS,0088-3,,SCS0118,SCS0118,SCS0118  NODE Recover FIO NODE 03
 06/29/21  15:27:04.441,,BSYS,0087-1,,SCS0118,SCS0118,SCS0118  NODE Fail    FIO NODE 03
 06/29/21  15:27:04.191,,BSYS,0088-3,,SCS0118,SCS0118,SCS0118  NODE Recover FIO NODE 02
 06/29/21  15:27:03.441,,BSYS,0087-1,,SCS0118,SCS0118,SCS0118  NODE Fail    FIO NODE 02
 06/29/21  15:26:52.441,,BSYS,0064-3,,SCS0118,SCS0118,SCS0118  FIO-BUS Recover FIO BUS No.1
 06/29/21  15:26:52.441,,BSYS,0088-3,,SCS0118,SCS0118,SCS0118  NODE Recover FIO NODE 03
 06/29/21  15:26:52.441,,BSYS,0088-3,,SCS0118,SCS0118,SCS0118  NODE Recover FIO NODE 02
 06/29/21  15:26:51.691,,BSYS,0063-1,,SCS0118,SCS0118,SCS0118  FIO-BUS Fail    FIO BUS No.1
 06/29/21  15:26:51.691,,BSYS,0087-1,,SCS0118,SCS0118,SCS0118  NODE Fail    FIO NODE 03
 06/29/21  15:26:51.691,,BSYS,0087-1,,SCS0118,SCS0118,SCS0118  NODE Fail    FIO NODE 02
 06/29/21  15:26:43.691,,BSYS,0088-3,,SCS0118,SCS0118,SCS0118  NODE Recover FIO NODE 03
 06/29/21  15:26:42.941,,BSYS,0087-1,,SCS0118,SCS0118,SCS0118  NODE Fail    FIO NODE 03
 06/29/21  15:26:40.941,,BSYS,0088-3,,SCS0118,SCS0118,SCS0118  NODE Recover FIO NODE 02
 06/29/21  15:26:40.441,,BSYS,0087-1,,SCS0118,SCS0118,SCS0118  NODE Fail    FIO NODE 02
 06/29/21  15:26:32.691,,BSYS,0088-3,,SCS0118,SCS0118,SCS0118  NODE Recover FIO NODE 03
 06/29/21  15:26:31.941,,BSYS,0087-1,,SCS0118,SCS0118,SCS0118  NODE Fail    FIO NODE 03
 06/29/21  15:26:30.941,,BSYS,0088-3,,SCS0118,SCS0118,SCS0118  NODE Recover FIO NODE 02
 06/29/21  15:26:30.191,,BSYS,0087-1,,SCS0118,SCS0118,SCS0118  NODE Fail    FIO NODE 02
 06/29/21  15:26:25.441,,BSYS,0088-3,,SCS0118,SCS0118,SCS0118  NODE Recover FIO NODE 03
 06/29/21  15:26:24.691,,BSYS,0087-1,,SCS0118,SCS0118,SCS0118  NODE Fail    FIO NODE 03
 06/29/21  15:26:20.691,,BSYS,0088-3,,SCS0118,SCS0118,SCS0118  NODE Recover FIO NODE 02
 06/29/21  15:26:19.941,,BSYS,0087-1,,SCS0118,SCS0118,SCS0118  NODE Fail    FIO NODE 02
 06/29/21  15:26:12.691,,BSYS,0088-3,,SCS0118,SCS0118,SCS0118  NODE Recover FIO NODE 02
 06/29/21  15:26:11.941,,BSYS,0087-1,,SCS0118,SCS0118,SCS0118  NODE Fail    FIO NODE 02
 06/29/21  15:26:01.941,,BSYS,0088-3,,SCS0118,SCS0118,SCS0118  NODE Recover FIO NODE 02
 06/29/21  15:26:01.691,,BSYS,0087-1,,SCS0118,SCS0118,SCS0118  NODE Fail    FIO NODE 02
 06/29/21  15:25:57.941,,BSYS,0088-3,,SCS0118,SCS0118,SCS0118  NODE Recover FIO NODE 02
 06/29/21  15:25:57.691,,BSYS,0087-1,,SCS0118,SCS0118,SCS0118  NODE Fail    FIO NODE 02
 06/29/21  15:25:51.191,,BSYS,0088-3,,SCS0118,SCS0118,SCS0118  NODE Recover FIO NODE 02
 06/29/21  15:25:50.441,,BSYS,0087-1,,SCS0118,SCS0118,SCS0118  NODE Fail    FIO NODE 02
 06/29/21  15:25:48.191,,BSYS,0088-3,,SCS0118,SCS0118,SCS0118  NODE Recover FIO NODE 02
 06/29/21  15:25:47.941,,BSYS,0087-1,,SCS0118,SCS0118,SCS0118  NODE Fail    FIO NODE 02
 06/29/21  15:25:43.441,,BSYS,0088-3,,SCS0118,SCS0118,SCS0118  NODE Recover FIO NODE 02
 06/29/21  15:25:42.941,,BSYS,0087-1,,SCS0118,SCS0118,SCS0118  NODE Fail    FIO NODE 02
 06/29/21  15:25:40.191,,BSYS,0088-3,,SCS0118,SCS0118,SCS0118  NODE Recover FIO NODE 02
 06/29/21  15:25:39.441,,BSYS,0088-3,,SCS0118,SCS0118,SCS0118  NODE Recover FIO NODE 03
 06/29/21  15:25:39.441,,BSYS,0087-1,,SCS0118,SCS0118,SCS0118  NODE Fail    FIO NODE 02
 06/29/21  15:25:38.691,,BSYS,0087-1,,SCS0118,SCS0118,SCS0118  NODE Fail    FIO NODE 03
 06/29/21  15:25:32.441,,BSYS,0088-3,,SCS0118,SCS0118,SCS0118  NODE Recover FIO NODE 03
 06/29/21  15:25:31.691,,BSYS,0087-1,,SCS0118,SCS0118,SCS0118  NODE Fail    FIO NODE 03
 06/29/21  15:25:16.441,,BSYS,0088-3,,SCS0118,SCS0118,SCS0118  NODE Recover FIO NODE 02
 06/29/21  15:25:15.941,,BSYS,0087-1,,SCS0118,SCS0118,SCS0118  NODE Fail    FIO NODE 02
 06/29/21  15:25:08.441,,BSYS,0088-3,,SCS0118,SCS0118,SCS0118  NODE Recover FIO NODE 02
 06/29/21  15:25:07.941,,BSYS,0087-1,,SCS0118,SCS0118,SCS0118  NODE Fail    FIO NODE 02
 06/29/21  15:25:04.441,,BSYS,0088-3,,SCS0118,SCS0118,SCS0118  NODE Recover FIO NODE 02
 06/29/21  15:25:03.941,,BSYS,0087-1,,SCS0118,SCS0118,SCS0118  NODE Fail    FIO NODE 02
 06/29/21  15:24:56.691,,BSYS,0088-3,,SCS0118,SCS0118,SCS0118  NODE Recover FIO NODE 02
 06/29/21  15:24:55.941,,BSYS,0087-1,,SCS0118,SCS0118,SCS0118  NODE Fail    FIO NODE 02
 06/29/21  15:24:55.191,,BSYS,0088-3,,SCS0118,SCS0118,SCS0118  NODE Recover FIO NODE 03
 06/29/21  15:24:54.441,,BSYS,0087-1,,SCS0118,SCS0118,SCS0118  NODE Fail    FIO NODE 03
 06/29/21  15:24:51.941,,BSYS,0088-3,,SCS0118,SCS0118,SCS0118  NODE Recover FIO NODE 03
 06/29/21  15:24:51.191,,BSYS,0087-1,,SCS0118,SCS0118,SCS0118  NODE Fail    FIO NODE 03
 06/29/21  15:24:50.941,,BSYS,0088-3,,SCS0118,SCS0118,SCS0118  NODE Recover FIO NODE 02
 06/29/21  15:24:50.191,,BSYS,0087-1,,SCS0118,SCS0118,SCS0118  NODE Fail    FIO NODE 02
 06/29/21  15:24:36.941,,BSYS,0088-3,,SCS0118,SCS0118,SCS0118  NODE Recover FIO NODE 03
 06/29/21  15:24:35.941,,BSYS,0087-1,,SCS0118,SCS0118,SCS0118  NODE Fail    FIO NODE 03
 06/29/21  15:24:22.691,,BSYS,0088-3,,SCS0118,SCS0118,SCS0118  NODE Recover FIO NODE 03
 06/29/21  15:24:21.941,,BSYS,0087-1,,SCS0118,SCS0118,SCS0118  NODE Fail    FIO NODE 03
 06/29/21  15:24:14.691,,BSYS,0088-3,,SCS0118,SCS0118,SCS0118  NODE Recover FIO NODE 03
 06/29/21  15:24:13.941,,BSYS,0087-1,,SCS0118,SCS0118,SCS0118  NODE Fail    FIO NODE 03
 06/29/21  15:24:11.441,,BSYS,0088-3,,SCS0118,SCS0118,SCS0118  NODE Recover FIO NODE 03
 06/29/21  15:24:10.691,,BSYS,0087-1,,SCS0118,SCS0118,SCS0118  NODE Fail    FIO NODE 03
 06/29/21  15:24:09.191,,BSYS,0088-3,,SCS0118,SCS0118,SCS0118  NODE Recover FIO NODE 03
 06/29/21  15:24:08.441,,BSYS,0087-1,,SCS0118,SCS0118,SCS0118  NODE Fail    FIO NODE 03
 06/29/21  15:24:08.191,,BSYS,0088-3,,SCS0118,SCS0118,SCS0118  NODE Recover FIO NODE 02
 06/29/21  15:24:07.941,,BSYS,0087-1,,SCS0118,SCS0118,SCS0118  NODE Fail    FIO NODE 02
 06/29/21  15:24:05.941,,BSYS,0088-3,,SCS0118,SCS0118,SCS0118  NODE Recover FIO NODE 02
 06/29/21  15:24:05.191,,BSYS,0064-3,,SCS0118,SCS0118,SCS0118  FIO-BUS Recover FIO BUS No.1
 06/29/21  15:24:05.191,,BSYS,0088-3,,SCS0118,SCS0118,SCS0118  NODE Recover FIO NODE 03
 06/29/21  15:24:04.941,,BSYS,0063-1,,SCS0118,SCS0118,SCS0118  FIO-BUS Fail    FIO BUS No.1
 06/29/21  15:24:04.941,,BSYS,0087-1,,SCS0118,SCS0118,SCS0118  NODE Fail    FIO NODE 02
 06/29/21  15:24:04.441,,BSYS,0087-1,,SCS0118,SCS0118,SCS0118  NODE Fail    FIO NODE 03
 06/29/21  15:23:55.691,,BSYS,0088-3,,SCS0118,SCS0118,SCS0118  NODE Recover FIO NODE 03
 06/29/21  15:23:54.941,,BSYS,0087-1,,SCS0118,SCS0118,SCS0118  NODE Fail    FIO NODE 03
 06/29/21  15:23:53.191,,BSYS,0088-3,,SCS0118,SCS0118,SCS0118  NODE Recover FIO NODE 03
 06/29/21  15:23:52.441,,BSYS,0087-1,,SCS0118,SCS0118,SCS0118  NODE Fail    FIO NODE 03
 06/29/21  15:23:40.441,,BSYS,0088-3,,SCS0118,SCS0118,SCS0118  NODE Recover FIO NODE 02
 06/29/21  15:23:39.941,,BSYS,0087-1,,SCS0118,SCS0118,SCS0118  NODE Fail    FIO NODE 02
 06/29/21  15:23:36.691,,BSYS,0088-3,,SCS0118,SCS0118,SCS0118  NODE Recover FIO NODE 03
 06/29/21  15:23:35.941,,BSYS,0087-1,,SCS0118,SCS0118,SCS0118  NODE Fail    FIO NODE 03
 06/29/21  15:23:27.941,,BSYS,0088-3,,SCS0118,SCS0118,SCS0118  NODE Recover FIO NODE 03
 06/29/21  15:23:27.191,,BSYS,0087-1,,SCS0118,SCS0118,SCS0118  NODE Fail    FIO NODE 03
 06/29/21  15:23:11.191,,BSYS,0088-3,,SCS0118,SCS0118,SCS0118  NODE Recover FIO NODE 02
 06/29/21  15:23:10.941,,BSYS,0087-1,,SCS0118,SCS0118,SCS0118  NODE Fail    FIO NODE 02
 06/29/21  15:23:05.691,,BSYS,0088-3,,SCS0118,SCS0118,SCS0118  NODE Recover FIO NODE 02
 06/29/21  15:23:04.941,,BSYS,0087-1,,SCS0118,SCS0118,SCS0118  NODE Fail    FIO NODE 02
 06/29/21  15:22:58.691,,BSYS,0088-3,,SCS0118,SCS0118,SCS0118  NODE Recover FIO NODE 03
 06/29/21  15:22:57.941,,BSYS,0087-1,,SCS0118,SCS0118,SCS0118  NODE Fail    FIO NODE 03
 06/29/21  15:21:10.691,,BSYS,0063-2,,SCS0118,SCS0118,SCS0118  FIO-BUS Fail    FIO BUS No.2
 06/29/21  15:21:10.691,,BSYS,0065-2,,SCS0118,SCS0118,SCS0118  SBS Fail    FIO NODE 03 SBS RIGHT
 06/29/21  15:21:09.941,,BSYS,0065-2,,SCS0118,SCS0118,SCS0118  SBS Fail    FIO NODE 02 SBS RIGHT
 06/29/21  11:34:30.191,,BSYS,0081-2,,SCS0118,SCS0118,SCS0118  IOM Fail    FIO NODE 03 SLOT 08 Code = A33D
 06/29/21  11:34:30.191,,BSYS,0081-2,,SCS0118,SCS0118,SCS0118  IOM Fail    FIO NODE 03 SLOT 07 Code = A33D
 06/29/21  11:34:30.191,,BSYS,0081-1,,SCS0118,SCS0118,SCS0118  IOM Fail    FIO NODE 03 SLOT 05 Code = 5101
 06/29/21  11:34:30.191,,BSYS,0081-1,,SCS0118,SCS0118,SCS0118  IOM Fail    FIO NODE 03 SLOT 04 Code = 5101
 06/29/21  11:34:30.191,,BSYS,0081-1,,SCS0118,SCS0118,SCS0118  IOM Fail    FIO NODE 03 SLOT 03 Code = 5101
 06/29/21  11:34:30.191,,BSYS,0460-4,,SCS0118,SCS0118,SCS0118  IOM Out Service FIO NODE 03 SLOT 03
 06/29/21  11:34:30.191,,BSYS,0081-1,,SCS0118,SCS0118,SCS0118  IOM Fail    FIO NODE 03 SLOT 02 Code = 5101
 06/29/21  11:34:30.191,,BSYS,0081-1,,SCS0118,SCS0118,SCS0118  IOM Fail    FIO NODE 03 SLOT 01 Code = 5101
 06/29/21  11:34:30.191,,BSYS,0081-1,,SCS0118,SCS0118,SCS0118  IOM Fail    FIO NODE 02 SLOT 05 Code = 5101
 06/29/21  11:34:30.191,,BSYS,0081-1,,SCS0118,SCS0118,SCS0118  IOM Fail    FIO NODE 02 SLOT 04 Code = 5101
 06/29/21  11:34:30.191,,BSYS,0081-1,,SCS0118,SCS0118,SCS0118  IOM Fail    FIO NODE 02 SLOT 03 Code = 5101
 06/29/21  11:34:30.191,,BSYS,0081-1,,SCS0118,SCS0118,SCS0118  IOM Fail    FIO NODE 02 SLOT 02 Code = 5101
 06/29/21  11:34:30.191,,BSYS,0081-1,,SCS0118,SCS0118,SCS0118  IOM Fail    FIO NODE 02 SLOT 01 Code = 5101
 06/29/21  11:27:18.691,,BSYS,0082-3,,SCS0118,SCS0118,SCS0118  IOM Recover FIO NODE 03 SLOT 05
 06/29/21  11:27:18.691,,BSYS,0082-3,,SCS0118,SCS0118,SCS0118  IOM Recover FIO NODE 03 SLOT 04
 06/29/21  11:27:18.691,,BSYS,0082-3,,SCS0118,SCS0118,SCS0118  IOM Recover FIO NODE 03 SLOT 03
 06/29/21  11:27:18.691,,BSYS,0459-4,,SCS0118,SCS0118,SCS0118  IOM In  Service FIO NODE 03 SLOT 03
 06/29/21  11:27:18.691,,BSYS,0082-3,,SCS0118,SCS0118,SCS0118  IOM Recover FIO NODE 03 SLOT 02
 06/29/21  11:27:18.691,,BSYS,0082-3,,SCS0118,SCS0118,SCS0118  IOM Recover FIO NODE 03 SLOT 01
 06/29/21  11:27:18.441,,BSYS,0082-3,,SCS0118,SCS0118,SCS0118  IOM Recover FIO NODE 03 SLOT 08
 06/29/21  11:27:18.441,,BSYS,0082-3,,SCS0118,SCS0118,SCS0118  IOM Recover FIO NODE 03 SLOT 07
 06/29/21  11:27:18.191,,BSYS,0082-3,,SCS0118,SCS0118,SCS0118  IOM Recover FIO NODE 02 SLOT 05
 06/29/21  11:27:18.191,,BSYS,0082-3,,SCS0118,SCS0118,SCS0118  IOM Recover FIO NODE 02 SLOT 04
 06/29/21  11:27:18.191,,BSYS,0082-3,,SCS0118,SCS0118,SCS0118  IOM Recover FIO NODE 02 SLOT 03
 06/29/21  11:27:18.191,,BSYS,0082-3,,SCS0118,SCS0118,SCS0118  IOM Recover FIO NODE 02 SLOT 02
 06/29/21  11:27:18.191,,BSYS,0082-3,,SCS0118,SCS0118,SCS0118  IOM Recover FIO NODE 02 SLOT 01
 06/29/21  11:26:46.191,,BSYS,0081-2,,SCS0118,SCS0118,SCS0118  IOM Fail    FIO NODE 03 SLOT 08 Code = A33D
 06/29/21  11:26:46.191,,BSYS,0081-2,,SCS0118,SCS0118,SCS0118  IOM Fail    FIO NODE 03 SLOT 07 Code = A33D
 06/29/21  11:26:46.191,,BSYS,0081-1,,SCS0118,SCS0118,SCS0118  IOM Fail    FIO NODE 03 SLOT 05 Code = 5101
 06/29/21  11:26:46.191,,BSYS,0081-1,,SCS0118,SCS0118,SCS0118  IOM Fail    FIO NODE 03 SLOT 04 Code = 5101
 06/29/21  11:26:46.191,,BSYS,0081-1,,SCS0118,SCS0118,SCS0118  IOM Fail    FIO NODE 03 SLOT 03 Code = 5101
 06/29/21  11:26:46.191,,BSYS,0460-4,,SCS0118,SCS0118,SCS0118  IOM Out Service FIO NODE 03 SLOT 03
 06/29/21  11:26:46.191,,BSYS,0081-1,,SCS0118,SCS0118,SCS0118  IOM Fail    FIO NODE 03 SLOT 02 Code = 5101
 06/29/21  11:26:46.191,,BSYS,0081-1,,SCS0118,SCS0118,SCS0118  IOM Fail    FIO NODE 03 SLOT 01 Code = 5101
 06/29/21  11:26:46.191,,BSYS,0081-1,,SCS0118,SCS0118,SCS0118  IOM Fail    FIO NODE 02 SLOT 05 Code = 5101
 06/29/21  11:26:46.191,,BSYS,0081-1,,SCS0118,SCS0118,SCS0118  IOM Fail    FIO NODE 02 SLOT 04 Code = 5101
 06/29/21  11:26:46.191,,BSYS,0081-1,,SCS0118,SCS0118,SCS0118  IOM Fail    FIO NODE 02 SLOT 03 Code = 5101
 06/29/21  11:26:46.191,,BSYS,0081-1,,SCS0118,SCS0118,SCS0118  IOM Fail    FIO NODE 02 SLOT 02 Code = 5101
 06/29/21  11:26:46.191,,BSYS,0081-1,,SCS0118,SCS0118,SCS0118  IOM Fail    FIO NODE 02 SLOT 01 Code = 5101
 06/29/21  07:12:43.691,,BSYS,0085-2,,SCS0118,SCS0118,SCS0118  IOM Communication Error FIO NODE 03 SLOT 08 RIGHT
 06/29/21  07:12:43.691,,BSYS,0085-2,,SCS0118,SCS0118,SCS0118  IOM Communication Error FIO NODE 03 SLOT 07 RIGHT
 06/29/21  07:12:43.691,,BSYS,0085-2,,SCS0118,SCS0118,SCS0118  IOM Communication Error FIO NODE 03 SLOT 05 RIGHT
 06/29/21  07:12:43.691,,BSYS,0085-2,,SCS0118,SCS0118,SCS0118  IOM Communication Error FIO NODE 03 SLOT 04 RIGHT
 06/29/21  07:12:43.691,,BSYS,0085-2,,SCS0118,SCS0118,SCS0118  IOM Communication Error FIO NODE 03 SLOT 03 RIGHT
 06/29/21  07:12:43.691,,BSYS,0085-2,,SCS0118,SCS0118,SCS0118  IOM Communication Error FIO NODE 03 SLOT 02 RIGHT
 06/29/21  07:12:43.691,,BSYS,0085-2,,SCS0118,SCS0118,SCS0118  IOM Communication Error FIO NODE 03 SLOT 01 RIGHT
 06/29/21  07:12:43.691,,BSYS,0085-2,,SCS0118,SCS0118,SCS0118  IOM Communication Error FIO NODE 02 SLOT 05 RIGHT
 06/29/21  07:12:43.691,,BSYS,0085-2,,SCS0118,SCS0118,SCS0118  IOM Communication Error FIO NODE 02 SLOT 04 RIGHT
 06/29/21  07:12:43.691,,BSYS,0085-2,,SCS0118,SCS0118,SCS0118  IOM Communication Error FIO NODE 02 SLOT 03 RIGHT
 06/29/21  07:12:43.691,,BSYS,0085-2,,SCS0118,SCS0118,SCS0118  IOM Communication Error FIO NODE 02 SLOT 02 RIGHT
 06/29/21  07:12:43.691,,BSYS,0085-2,,SCS0118,SCS0118,SCS0118  IOM Communication Error FIO NODE 02 SLOT 01 RIGHT
